sample_name,A4-A4dr-A4au,A4-A4au-A4dw-A4ab-A4cu-A4av,A4-A4dt-A4dv-A4du-A4dr,A1/A1bx-A1bw-A1bf,A1/A4-A1ac-A1bn,A1-A1ac-A1bn,A4-A4au-A4ab-A4dw-A4cu,B19-B19ai-B19x-B19an,B19-B19ai-B19x-B19al,B19-B19ai-B19x-B19ak,B19-B19ai-B19ak-B19x-B19ay,C3-C3lp,C1-C1b-C1c-C42.2-C1bh-C1br-C3-C1cb,C47a-C42.2-C47e-C44-C47,C3-C1bp-C3dg-C3mo-C3df,C3-C3lp-C3zz-C3zy,C1/C1c-C1al-C1b-C42.2,C1-C1c-C1b-C1al-C72k,C45a-C42.2-C45m-C44i-C44j-C45n-C42ev-C44-C42fb,C42.2/C45a-C44j-C42ev-C42df,C1-C1c-C1am-C1b-C1ao-C1an-C3cm-C42.2,C1-C1b-C1c-C42.2-C1bh-C1cb,C1-C1c-C3-C1b-C42.2-C1bh,C42.2/C45a-C42fb-C44i,C3-C3ed,C1/C42.2/C3/C1c-C1b,C3-C3cl-C3xx-C3xw-C3de,C1,D1-D4-D4c-D1c-D1k-D2,D1/D4/D2-D4c-D1c-D1h,D1-D4-D4c-D1c-D17d-D1r-D17c-D17e,D1-D4-D1os-D4c-D1c,D1-D4-D1c-D2
D6CW22,0,0,0,0,0,0,0,0,0,0,0,0,0,0,0,0,0,0,0,0,0,0,0,0,0,0,0,0,4130,0,0,0,0
D7CW22,0,0,0,0,0,0,0,0,0,0,0,0,0,0,0,0,0,0,0,0,0,0,0,0,0,0,0,0,8431,0,0,0,0
C2CW23,0,0,0,0,0,0,0,0,0,0,0,0,0,0,0,0,0,0,0,0,0,0,0,0,0,0,0,0,13940,0,0,0,0
E3CW23,0,0,0,0,0,0,0,0,0,0,0,0,0,0,0,0,0,0,0,0,0,0,0,0,0,0,0,0,7494,0,0,0,0
B7CW23,0,0,0,0,0,0,0,0,0,0,0,0,0,0,0,0,0,0,0,0,0,0,0,0,0,0,0,0,8887,0,0,0,0
B2CW23,0,0,0,0,0,0,0,0,0,0,0,0,0,0,0,0,0,0,0,0,0,0,0,0,0,0,0,0,23186,0,0,0,0
E4CW22,0,0,0,0,0,0,0,0,0,0,0,0,0,0,0,0,0,0,0,0,0,0,0,0,0,0,0,0,8147,0,0,0,0
C1CW22,0,0,0,0,0,0,0,0,0,0,0,0,0,0,0,0,0,0,0,0,0,0,0,0,0,0,0,0,3737,0,0,0,0
B7CW22,0,0,0,0,0,0,0,0,0,0,0,0,0,0,0,0,0,0,0,0,0,0,0,0,0,0,0,0,4053,0,0,0,0
A12CW23,0,0,0,0,0,0,0,0,0,0,0,0,0,0,0,0,0,0,0,0,0,0,0,0,0,0,0,0,21930,0,0,0,0
B1CW23,0,0,0,0,0,0,0,0,0,0,0,0,0,0,0,0,0,0,0,0,0,0,0,0,0,0,0,0,24328,0,0,0,0
D7CW23,0,0,0,0,0,0,0,0,0,0,0,0,0,0,0,0,0,0,0,0,0,0,0,0,0,0,0,0,5802,0,0,0,0
A11CW23,0,0,0,0,0,0,0,0,0,0,0,0,0,0,0,0,0,0,0,0,0,0,0,0,0,0,0,0,19213,0,0,0,0
C3CW23,0,0,0,0,0,0,0,0,0,0,0,0,0,0,0,0,0,0,0,0,0,0,0,0,0,0,0,0,27374,0,0,0,0
C1CW23,0,0,0,0,0,0,0,0,0,0,0,0,0,0,0,0,0,0,0,0,0,0,0,0,0,181,0,0,21492,0,0,0,0
E1CW23,0,0,0,0,0,0,235,0,0,0,0,0,0,0,0,0,0,0,0,0,0,0,0,0,0,0,0,0,5926,0,0,0,0
C3CW22,0,0,0,0,0,0,0,0,0,0,0,0,0,0,0,0,0,0,0,0,0,0,0,0,0,0,0,0,4141,0,0,0,0
E1CW22,0,0,0,0,0,0,0,0,0,0,0,0,0,0,0,0,0,0,0,0,0,0,0,0,0,0,0,0,3074,0,0,0,0
D8CW23,0,0,0,0,0,0,0,0,0,0,0,0,0,0,0,0,0,0,0,0,0,0,0,0,0,0,0,0,4293,0,0,0,0
D8CW22,0,0,0,0,0,0,0,0,0,0,0,0,0,0,0,0,0,0,0,0,0,0,0,0,0,0,0,0,3207,0,0,0,0
C2CW22,0,0,0,0,0,0,0,0,283,0,0,0,0,0,0,0,0,0,0,0,0,0,0,0,0,0,0,0,4438,0,0,0,0
D6CW23,0,0,0,0,0,0,0,0,0,0,0,0,0,0,0,0,0,0,0,0,0,221,0,0,0,0,0,0,4926,0,0,0,0
D3CW23,0,0,0,0,0,0,0,0,431,0,0,0,0,0,0,0,0,0,0,0,0,0,0,0,0,0,0,0,7008,0,0,0,0
48DBSS,0,0,0,0,0,0,0,0,0,0,0,0,0,0,0,0,0,0,0,0,0,0,0,0,0,0,0,0,6460,0,0,0,0
B10CW23,0,0,0,0,0,0,0,0,1066,0,0,0,0,0,0,0,0,0,0,0,0,0,0,0,0,0,0,0,10059,0,0,0,0
47DBSS,0,0,0,0,0,0,0,0,0,443,0,0,0,0,0,0,0,0,0,0,0,0,0,0,0,0,0,0,6953,0,0,0,0
B6CW22,0,0,0,0,0,0,0,391,0,0,0,0,0,0,0,0,0,0,0,0,0,0,0,0,0,0,0,0,3276,0,0,0,0
B4CW23,0,0,0,0,0,0,0,0,1930,0,0,0,0,0,0,0,0,0,0,0,1191,0,0,0,0,0,0,0,23696,0,0,0,0
B6CW23,0,0,0,0,0,0,0,0,1232,0,0,0,0,0,0,0,0,0,0,0,0,0,0,0,0,0,0,0,8526,0,0,0,0
B5CW23,0,0,0,0,0,0,0,0,224,0,0,0,0,0,0,0,0,0,0,0,735,0,0,0,0,0,0,0,6786,0,0,0,0
B10CW22,0,0,0,0,0,0,0,0,0,2670,0,0,0,0,0,0,0,0,0,0,0,0,0,0,0,0,0,0,15249,0,0,0,0
A10CW22,0,0,0,0,0,0,0,0,1164,0,0,0,0,0,0,0,0,0,0,0,0,0,0,0,0,0,0,0,7700,0,0,0,0
46DBSS,0,0,0,0,0,0,0,0,0,0,0,0,0,0,0,0,0,0,0,0,994,0,0,0,0,0,0,0,7226,0,0,0,0
A11CW22,0,0,0,0,0,0,0,0,775,0,0,279,0,0,0,0,0,0,0,0,0,0,0,0,0,0,0,0,4180,0,0,0,0
E6CW22,0,0,0,0,0,0,0,0,0,0,0,0,0,0,0,0,0,0,0,0,0,0,0,0,0,0,1092,0,4905,0,0,0,0
43DBSS,0,0,0,0,0,0,0,0,1075,0,0,0,0,0,0,0,0,0,0,0,0,0,0,0,0,0,0,0,4585,0,0,0,0
E3CW22,0,0,0,0,0,0,0,0,0,0,0,987,0,0,0,0,0,0,0,0,0,0,0,0,0,0,0,0,3061,0,0,0,0
D9CW22,0,0,0,0,0,0,0,0,0,0,0,0,0,0,0,0,0,1732,0,0,0,0,0,0,0,0,0,0,3833,0,0,0,0
D9CW23,0,0,0,0,0,0,0,0,0,0,0,0,1511,0,0,0,0,0,0,0,0,0,0,0,0,0,0,0,3471,0,0,0,0
D12CW23,0,0,0,0,0,0,0,0,0,0,0,1021,0,0,0,0,0,0,0,0,0,0,0,0,0,0,0,0,1928,0,0,0,0
E11CW22,0,0,0,0,0,0,0,0,0,0,0,1626,0,0,0,0,0,0,0,0,0,0,0,0,0,0,0,0,2994,0,0,0,0
B3CW23,0,0,0,0,0,0,0,0,0,870,0,0,5421,0,0,0,0,0,0,0,0,0,0,0,0,0,0,0,9978,0,0,0,0
A10CW23,0,0,0,0,0,0,0,0,0,0,0,0,7303,0,0,0,0,0,0,0,0,0,0,0,0,0,0,0,11318,0,0,0,0
E10CW22,0,0,0,0,0,0,0,0,0,0,0,2684,0,0,0,0,0,0,0,0,0,0,0,0,0,0,0,0,3772,0,0,0,0
E7CW23,0,0,0,0,0,0,0,0,0,0,0,3013,0,0,0,0,0,0,0,0,0,0,0,0,0,0,0,0,3317,0,0,0,0
57DBPP,7154,0,0,0,0,0,0,0,0,0,0,0,0,0,0,0,0,0,0,0,0,0,0,0,0,0,0,0,0,0,0,0,0
55DBPP,12716,0,0,0,0,0,0,0,0,0,0,0,0,0,0,0,0,0,0,0,0,0,0,0,0,0,0,0,0,0,0,0,0
F3CW23,14351,0,0,0,0,0,0,0,0,0,0,0,0,0,0,0,0,0,0,0,0,0,0,0,0,0,0,0,0,0,0,0,0
F1CW23,11533,0,0,0,0,0,0,0,0,0,0,0,0,0,0,0,0,0,0,0,0,0,0,0,0,0,0,0,0,0,0,0,0
52DBPP,15292,0,0,0,0,0,0,0,0,0,0,0,0,0,0,0,0,0,0,0,0,0,0,0,0,0,0,0,0,0,0,0,0
54DBPP,18120,0,0,0,0,0,0,0,0,0,0,0,0,0,0,0,0,0,0,0,0,0,0,0,0,0,0,0,0,0,0,0,0
F2CW23,10344,0,0,0,0,0,0,0,0,0,0,0,0,0,0,0,0,0,0,0,0,0,0,0,0,0,0,0,0,0,0,0,0
E12CW23,9444,0,0,0,0,0,0,0,0,0,0,0,0,0,0,0,0,0,0,0,0,0,0,0,0,0,0,0,0,0,0,0,0
E9CW23,17043,0,0,0,0,0,0,0,0,0,0,0,0,0,0,0,0,0,0,0,0,0,0,0,0,0,0,0,0,0,0,0,0
E10CW23,10697,0,0,0,0,0,0,0,0,0,0,0,0,0,0,0,0,0,0,0,0,0,0,0,0,0,0,0,0,0,0,0,0
51DBPP,5975,0,0,0,0,0,0,0,0,0,0,0,0,0,0,0,0,0,0,0,0,0,0,0,0,0,0,0,0,0,0,0,0
F5CW22,9631,0,0,0,0,0,0,0,0,0,0,0,0,0,0,0,0,0,0,0,0,0,0,0,0,0,0,0,0,0,0,0,0
F4CW22,9707,0,0,0,0,0,0,0,0,0,0,0,0,0,0,0,0,0,0,0,0,0,0,0,0,0,0,0,0,0,0,0,0
F1CW22,7401,0,0,0,0,0,0,0,0,0,0,0,0,0,0,0,0,0,0,0,0,0,0,0,0,0,0,0,0,0,0,0,0
A5CW22,9216,0,0,0,0,0,0,0,0,0,0,0,0,0,0,0,0,0,0,0,0,0,0,0,0,0,0,0,0,0,0,0,0
E12CW22,6841,0,0,0,0,0,0,0,0,0,0,0,0,0,0,0,0,0,0,0,0,0,0,0,0,0,0,0,0,0,0,0,0
F6CW22,17478,0,0,0,0,0,0,0,0,0,0,0,0,0,0,0,0,0,0,0,0,0,0,0,0,0,0,0,0,0,0,0,0
A2CW23,11866,0,0,0,0,0,0,335,0,0,0,0,0,0,0,0,0,0,0,0,0,0,0,0,0,0,0,0,0,0,0,0,0
F3CW22,1622,0,0,0,0,0,0,0,0,0,0,0,0,0,0,0,0,0,0,0,0,0,0,0,0,0,0,0,0,0,0,0,0
A7CW23,7455,0,0,0,0,0,0,0,0,274,0,0,0,0,0,0,0,0,0,0,0,0,0,0,0,0,0,0,0,0,0,0,0
A6CW23,11041,0,0,0,0,0,0,631,0,0,0,0,0,0,0,0,0,0,0,0,0,0,0,0,0,0,0,0,0,0,0,0,0
A7CW22,4339,0,0,0,0,0,0,231,0,0,0,0,0,0,0,0,0,0,0,0,0,0,0,0,0,0,0,0,0,0,0,0,0
A2CW22,1975,0,0,0,0,0,0,0,0,0,0,0,0,0,0,0,0,0,0,0,0,0,0,0,0,0,0,0,0,0,0,0,0
A4CW23,14617,0,0,0,0,0,0,1607,0,0,0,0,0,0,0,0,0,0,0,0,0,0,0,0,0,0,0,0,0,0,0,0,0
A1CW22,3047,0,0,0,0,0,0,0,0,279,0,0,0,0,0,0,0,0,0,0,0,0,0,0,0,0,0,0,0,0,0,0,0
A6CW22,5905,0,0,0,0,0,0,646,0,0,0,0,0,0,0,0,0,0,0,0,0,0,0,0,0,0,0,0,0,0,0,0,0
56DBPP,10654,0,0,0,0,0,0,1318,0,0,0,0,0,0,0,0,0,0,0,0,0,0,0,0,0,0,0,0,0,0,0,0,0
A4CW22,4733,0,0,0,0,0,0,848,0,0,0,0,0,0,0,0,0,0,0,0,0,0,0,0,0,0,0,0,0,0,0,0,0
A5CW23,10000,0,0,0,0,0,0,2241,0,0,0,0,0,0,0,0,0,0,0,0,0,0,0,0,0,0,0,0,0,0,0,0,0
A1CW23,11870,0,0,0,0,0,0,2833,0,0,0,0,0,0,0,0,0,0,0,0,0,0,0,0,0,0,0,0,0,0,0,0,0
C12CW23,0,17442,0,0,0,0,0,0,0,0,0,0,0,0,0,0,0,0,0,0,0,0,0,0,0,0,0,0,0,0,0,0,0
E11CW23,0,2929,0,0,0,0,0,0,0,0,0,0,0,0,0,0,0,0,0,0,0,0,0,0,0,0,0,0,0,0,0,0,0
F6CW23,0,5925,0,0,0,0,0,0,0,0,0,0,0,0,0,0,0,0,0,0,0,0,0,0,0,0,0,0,0,0,0,0,0
53DBPP,0,8868,0,0,0,0,0,0,0,0,0,0,0,0,0,0,0,0,0,0,0,0,0,0,0,0,0,0,0,0,0,0,0
59DBPP,0,4713,0,0,0,0,0,0,0,0,0,0,0,0,0,0,0,0,0,0,0,0,0,0,0,0,0,0,0,0,0,0,0
C10CW23,0,13318,0,0,0,0,0,0,0,0,0,0,0,0,0,0,0,0,0,0,0,0,0,0,0,0,0,0,0,0,0,0,0
F5CW23,0,6701,0,0,0,0,0,0,0,0,0,0,0,0,0,0,0,0,0,0,0,0,0,0,0,0,0,0,0,0,0,0,0
C9CW23,0,21848,0,0,0,0,0,0,0,0,0,0,0,0,0,0,0,0,0,0,0,0,0,0,0,0,0,0,0,0,0,0,0
60DBPP,0,9076,0,0,0,0,0,0,0,0,0,0,0,0,0,0,0,0,0,0,0,0,0,0,0,0,0,0,0,0,0,0,0
58DBPP,0,10405,0,0,0,0,0,0,0,0,0,0,0,0,0,0,0,0,0,0,0,0,0,0,0,0,0,0,0,0,0,0,0
F9CW22,0,13038,0,0,0,0,0,0,0,0,0,0,0,0,0,0,0,0,0,0,0,0,0,0,0,0,0,0,0,0,0,0,0
F4CW23,0,8611,0,0,0,0,0,0,0,0,0,0,0,0,0,0,0,0,0,0,0,0,0,0,0,0,0,0,0,0,0,0,0
A3CW23,0,10726,0,0,0,0,0,311,0,0,0,0,0,0,0,0,0,0,0,0,0,0,0,0,0,0,0,0,0,0,0,0,0
F2CW22,0,6876,0,0,0,0,0,0,0,0,0,0,0,0,0,0,0,0,0,0,0,0,0,0,0,0,0,0,0,0,0,0,0
F8CW22,0,5457,0,0,0,0,0,0,0,0,0,0,0,0,0,0,0,0,0,0,0,0,0,0,0,0,0,0,0,0,0,0,0
C9CW22,0,4800,0,0,0,0,0,0,0,0,0,0,0,0,0,0,0,0,0,0,0,0,0,0,0,0,0,0,0,0,0,0,0
A9CW22,0,10800,0,0,0,0,0,0,0,0,0,0,0,0,0,0,0,0,0,0,0,0,0,0,0,0,0,0,0,0,0,0,0
F7CW22,0,11588,0,0,0,0,0,0,0,0,0,0,0,0,0,0,0,0,0,0,0,0,0,0,0,0,0,0,0,0,0,0,0
A8CW22,0,2833,0,0,0,0,0,0,0,0,0,0,0,0,0,0,0,0,0,0,0,0,0,0,0,0,0,0,0,0,0,0,0
A9CW23,0,23746,0,0,0,0,0,1474,0,0,0,0,0,0,0,0,0,0,0,0,0,0,0,0,0,0,0,0,0,0,0,0,0
A8CW23,0,4343,0,0,0,0,0,0,0,342,0,0,0,0,0,0,0,0,0,0,0,0,0,0,0,0,0,0,0,0,0,0,0
A3CW22,0,1844,0,0,0,0,0,192,0,0,0,0,0,0,0,0,0,0,0,0,0,0,0,0,0,0,0,0,0,0,0,0,0
G4CW23,0,375,0,0,0,0,0,0,0,0,0,0,0,0,0,0,0,0,0,0,0,0,0,0,0,0,0,0,0,0,0,0,0
C6CW23,0,11230,0,0,0,0,0,0,0,0,0,0,0,0,6766,0,0,0,0,0,0,0,0,0,0,0,0,825,0,0,0,0,0
E5CW23,0,0,0,0,0,0,0,0,0,0,0,10224,0,0,0,0,0,0,0,0,0,0,0,0,0,0,0,0,0,0,0,0,0
E2CW22,0,0,0,0,0,0,0,0,0,0,0,5539,0,0,0,0,0,0,0,0,0,0,0,0,0,0,0,0,0,0,0,0,0
E7CW22,0,0,0,0,0,0,0,0,0,0,0,6247,0,0,0,0,0,0,0,0,0,0,0,0,0,0,0,0,0,0,0,0,0
E4CW23,0,0,0,0,0,0,0,0,0,0,0,9005,0,0,0,0,0,0,0,0,0,0,0,0,0,0,0,0,0,0,0,0,0
E9CW22,0,0,0,0,0,0,0,0,0,0,0,6824,0,0,0,0,0,0,0,0,0,0,0,0,0,0,0,0,0,0,0,0,0
E8CW22,0,0,0,0,0,0,0,0,0,0,0,5880,0,0,0,0,0,0,0,0,0,0,0,0,0,0,0,0,0,0,0,0,0
E6CW23,0,0,0,0,0,0,0,0,0,0,0,11235,0,0,0,0,0,0,0,0,0,0,0,0,0,0,0,0,498,0,0,0,0
D11CW23,0,0,0,0,0,0,0,0,0,0,0,5989,0,0,0,0,0,0,0,0,0,0,0,0,0,0,0,0,0,0,0,0,0
E2CW23,0,0,0,0,0,0,0,0,0,0,0,4480,0,0,0,0,0,0,0,0,0,0,0,0,0,0,0,0,0,0,1656,0,0
E8CW23,0,0,0,0,0,0,0,0,0,0,0,3138,0,0,0,0,0,0,0,0,0,0,0,0,0,0,0,0,2312,0,0,0,0
E5CW22,0,0,0,0,0,0,0,0,0,0,0,2071,0,0,0,0,0,0,0,0,0,0,0,0,0,0,0,0,0,0,1539,0,0
D10CW23,0,0,0,0,0,0,0,0,0,0,0,0,7852,0,0,0,0,0,0,0,0,0,0,0,0,0,0,0,0,0,0,0,0
D1CW23,0,0,0,0,0,0,0,0,0,0,0,0,9212,0,0,0,0,0,0,0,0,0,0,0,0,0,0,0,0,0,0,0,0
C5CW23,0,0,0,0,0,0,0,0,0,0,0,0,9891,0,0,0,0,0,0,0,0,0,0,0,0,0,0,0,0,0,0,0,0
50DBSS,0,0,0,0,0,0,0,0,0,0,0,0,6441,0,0,0,0,0,0,0,0,0,0,0,0,0,0,0,0,0,0,0,0
D11CW22,0,0,0,0,0,0,0,0,0,0,0,0,6294,0,0,0,0,0,0,0,0,0,0,0,0,0,0,0,0,0,0,0,0
B8CW22,0,0,0,0,0,0,0,0,0,0,0,0,13199,0,0,0,0,0,0,0,0,0,0,0,0,0,0,0,0,0,0,0,0
C5CW22,0,0,0,0,0,0,0,0,0,0,0,0,4990,0,0,0,0,0,0,0,0,0,0,0,0,0,0,0,0,0,0,0,0
D10CW22,0,0,0,0,0,0,0,0,0,0,0,0,3669,0,0,0,0,0,0,0,0,0,0,0,0,0,0,0,0,0,0,0,0
B8CW23,0,0,0,0,0,0,0,0,0,0,0,0,2038,0,0,0,0,0,0,0,0,0,0,0,0,0,0,0,0,0,0,0,0
41DBSS,0,0,0,0,0,0,0,0,0,0,299,0,3149,0,0,0,0,0,0,0,0,0,0,0,0,0,0,0,0,0,0,0,0
42DBSS,0,0,0,0,0,0,0,0,0,231,0,0,2666,0,0,0,0,0,0,0,0,0,0,0,0,0,0,0,0,0,0,0,0
G1CW23,0,0,0,0,0,0,0,0,0,0,0,0,0,647,0,0,0,0,0,0,0,0,0,0,0,0,0,0,0,0,0,0,0
F10CW22,0,0,0,0,0,0,0,0,0,0,0,0,0,11015,0,0,0,0,0,0,0,0,0,0,0,0,0,0,0,0,0,0,0
F11CW23,0,0,0,0,0,0,0,0,0,0,0,0,0,716,0,0,0,0,0,0,0,0,0,0,0,0,0,0,0,0,0,0,0
G2CW23,0,0,0,0,0,0,0,0,0,0,0,0,0,2175,0,0,0,0,0,0,0,0,0,0,0,0,0,0,0,0,0,0,0
F7CW23,0,0,0,0,0,0,0,0,0,0,0,0,0,4456,0,0,0,0,0,0,0,0,0,0,0,0,0,0,0,0,0,0,0
G2CW22,0,0,0,0,0,0,0,0,0,0,0,0,0,4141,0,0,0,0,0,0,0,0,0,0,0,0,0,0,0,0,0,0,0
G4CW22,0,0,0,0,0,0,0,0,0,0,0,0,0,8118,0,0,0,0,0,0,0,0,0,0,0,0,0,0,0,0,0,0,0
G5CW22,0,0,0,0,0,0,0,0,0,0,0,0,0,5031,0,0,0,0,0,0,0,0,0,0,0,0,0,0,0,0,0,0,0
F11CW22,0,0,0,0,0,0,0,0,0,0,0,0,0,14062,0,0,0,0,0,0,0,0,0,0,0,0,0,0,0,0,0,0,0
76DRPP,0,0,0,0,0,0,0,0,0,0,0,0,0,12762,0,0,0,0,0,0,0,0,0,0,0,0,0,0,0,0,0,0,0
78DRPP,0,0,0,0,0,0,0,0,0,0,0,0,0,6278,0,0,0,0,0,0,0,0,0,0,0,0,0,0,0,0,0,0,0
73DRPP,0,0,0,0,0,0,0,0,0,0,0,0,0,9238,0,0,0,0,0,0,0,0,0,0,0,0,0,0,0,0,0,0,0
72DRPP,0,0,0,0,0,0,0,0,0,0,0,0,0,12479,0,0,0,0,0,0,0,0,0,0,0,0,0,0,0,0,0,0,0
C7CW23,0,0,0,0,0,0,0,0,0,0,0,0,0,0,15643,0,0,0,0,0,0,0,0,0,0,0,0,0,0,0,0,0,0
C6CW22,0,0,0,0,0,0,0,0,0,0,0,0,0,0,4918,0,0,0,0,0,0,0,0,0,0,0,0,0,0,0,0,0,0
D1CW22,0,0,0,0,0,0,0,0,0,0,0,0,0,0,5280,0,0,0,0,0,0,0,0,0,0,0,0,0,0,0,0,0,0
C10CW22,0,0,0,0,0,0,0,0,0,0,0,0,0,0,9399,0,0,0,0,0,0,0,0,0,0,0,0,0,0,0,0,0,0
C7CW22,0,0,0,0,0,255,0,0,0,0,0,0,0,0,7482,0,0,0,0,0,0,0,0,0,0,0,0,0,0,0,0,0,0
C12CW22,0,0,0,0,0,0,0,0,0,0,0,0,0,0,4677,0,0,0,0,0,0,0,0,0,0,0,0,0,0,0,0,0,0
C8CW23,0,0,0,228,0,0,0,0,0,0,0,0,0,0,2810,0,0,0,0,0,0,0,0,0,0,0,0,0,0,0,0,0,0
C8CW22,0,0,0,0,1075,0,0,0,0,0,0,0,0,0,3606,0,0,0,0,0,0,0,0,0,0,0,0,0,0,0,0,0,0
D2CW22,0,1755,0,0,0,0,0,0,0,0,0,0,0,0,4062,0,0,0,0,0,0,0,0,0,0,0,0,0,0,0,0,0,0
B5CW22,0,0,0,0,0,0,0,0,0,0,0,0,0,0,0,0,0,0,0,0,0,0,0,0,0,0,0,0,0,6891,0,0,0
A12CW22,0,0,0,0,0,0,0,0,0,0,0,0,0,0,0,0,0,0,0,0,0,0,0,0,0,0,0,0,0,8732,0,0,0
B1CW22,0,0,0,0,0,0,0,0,0,0,0,0,0,0,0,0,0,0,0,0,0,0,0,0,0,0,0,0,0,9271,0,0,0
B2CW22,0,0,0,0,0,0,0,0,0,0,0,0,0,0,0,0,0,0,0,0,0,0,0,0,0,0,0,0,0,5892,0,0,0
D12CW22,0,0,0,0,0,0,0,0,0,0,0,0,0,0,0,0,0,0,0,0,0,0,0,0,0,0,0,0,0,27299,0,0,0
B3CW22,0,0,0,0,0,0,0,0,0,0,0,0,0,0,0,0,0,0,0,0,0,0,0,0,0,0,0,0,0,4562,0,0,0
B4CW22,0,0,0,0,0,0,0,0,0,0,0,0,0,0,0,0,0,0,0,0,0,0,513,0,0,0,0,0,0,10432,0,0,0
B9CW22,0,0,0,0,0,0,0,0,0,1044,0,0,0,0,0,0,0,0,0,0,0,0,0,0,0,0,0,0,0,14309,0,0,0
B9CW23,0,0,0,0,0,0,0,0,1006,0,0,0,0,0,0,0,0,0,0,0,0,0,0,0,0,0,0,0,0,8513,0,0,0
D2CW23,0,0,0,0,0,0,0,0,0,0,0,0,0,0,0,0,0,2875,0,0,0,0,0,0,0,0,0,0,0,10047,0,0,0
66DRSS,0,0,0,0,0,0,0,0,0,0,0,0,0,0,0,10779,0,0,0,0,0,0,0,0,0,0,0,0,0,0,0,0,0
61DRSS,0,0,0,0,0,0,0,0,0,0,0,0,0,0,0,11161,0,0,0,0,0,0,0,0,0,0,0,0,0,0,0,0,0
68DRSS,0,0,0,0,0,0,0,0,0,0,0,0,0,0,0,6298,0,0,0,0,0,0,0,0,0,0,0,0,0,0,0,0,0
67DRSS,0,0,0,0,0,0,0,0,0,0,0,0,0,0,0,13039,0,0,0,0,0,0,0,0,0,0,0,0,0,0,0,0,0
64DRSS,0,0,0,0,0,0,0,0,0,0,0,0,0,0,0,10495,0,0,0,0,0,0,0,0,0,0,0,0,0,0,0,265,0
70DRSS,0,0,0,0,0,0,0,0,0,0,0,0,0,0,0,11167,0,0,0,0,0,0,0,0,0,0,0,0,0,0,1276,0,0
65DRSS,0,0,0,0,0,0,0,0,0,0,0,0,0,0,0,8458,0,0,0,0,0,0,0,0,0,0,0,0,1967,0,0,0,0
69DRSS,0,0,0,0,0,0,0,0,0,0,0,0,0,0,0,10183,0,0,0,0,0,0,0,0,0,0,0,0,2665,0,0,0,0
62DRSS,0,0,0,0,0,0,0,0,0,0,0,0,0,0,0,8256,0,0,0,0,0,0,0,0,0,0,0,0,2837,0,0,0,0
44DBSS,0,0,0,0,0,0,0,0,0,0,0,0,0,0,0,0,8469,0,0,0,0,0,0,0,0,0,0,0,0,0,0,0,0
D4CW23,0,0,0,0,0,0,0,0,0,0,0,0,0,0,0,0,5478,0,0,0,0,0,0,0,0,0,0,0,0,0,0,0,0
B11CW23,0,0,0,0,0,0,0,0,0,0,0,0,0,0,0,0,7781,0,0,0,0,0,0,0,0,0,0,0,0,0,0,0,0
D4CW22,0,0,0,0,0,0,0,0,0,0,0,0,0,0,0,0,5364,0,0,0,0,0,0,0,0,0,0,0,0,0,0,0,0
B11CW22,0,0,0,0,0,0,0,0,0,0,0,0,0,0,0,0,14443,0,0,0,0,0,0,0,0,0,0,0,0,0,222,0,0
B12CW22,0,0,0,0,0,0,0,0,0,0,0,0,0,0,0,0,7160,0,0,0,0,0,0,0,0,0,0,0,0,0,643,0,0
D5CW22,0,0,0,0,0,0,0,0,0,0,0,0,0,0,0,0,1933,0,0,0,0,0,0,0,0,0,0,0,0,0,254,0,0
C4CW22,0,0,0,0,0,0,0,0,0,0,0,0,0,0,0,0,4178,0,0,0,0,0,0,0,0,0,0,0,0,0,1515,0,0
H12CW23,0,0,0,0,0,0,0,0,0,0,0,0,0,0,0,0,0,4390,0,0,0,0,0,0,0,0,0,0,0,0,0,0,0
C4CW23,0,0,0,0,0,0,0,0,0,0,0,0,0,0,0,0,0,16203,0,0,0,0,0,0,0,0,0,0,0,0,0,0,0
49DBSS,0,0,0,0,0,0,0,0,0,0,0,0,0,0,0,0,0,4301,0,0,0,0,0,0,0,0,0,0,0,0,0,0,0
B12CW23,0,0,0,0,0,0,0,0,0,0,0,0,0,0,0,0,0,6027,0,0,0,0,0,0,0,0,0,0,0,0,0,0,211
45DBSS,0,0,0,0,0,0,0,0,0,0,0,0,0,0,0,0,0,7622,0,0,0,0,0,0,0,0,0,0,0,0,230,0,0
F12CW23,0,0,2270,0,0,0,0,0,0,0,0,0,0,0,0,0,0,0,0,0,0,0,0,0,0,0,0,0,0,0,0,0,0
77DRPP,0,0,14555,0,0,0,0,0,0,0,0,0,0,0,0,0,0,0,0,0,0,0,0,0,0,0,0,0,0,0,0,0,0
C11CW23,0,0,16712,0,0,0,0,446,0,0,0,0,0,0,0,0,0,0,0,0,0,0,0,0,0,0,0,0,0,0,0,0,0
G3CW22,0,0,2926,0,0,0,0,0,0,0,0,0,0,0,0,0,0,0,0,0,0,0,0,0,0,0,0,0,0,0,0,0,0
C11CW22,0,0,7717,0,0,0,0,0,0,0,0,0,0,0,342,0,0,0,0,0,0,0,0,0,0,0,0,0,0,0,0,0,0
G6CW22,0,0,3313,0,0,0,0,0,0,0,0,0,0,0,0,0,0,0,2096,0,0,0,0,0,0,0,0,0,0,0,0,0,0
74DRPP,0,0,0,0,0,0,0,0,0,0,0,0,0,0,0,0,0,0,7510,0,0,0,0,0,0,0,0,0,0,0,0,0,0
F9CW23,0,0,0,0,0,0,0,0,0,0,0,0,0,0,0,0,0,0,11537,0,0,0,0,0,0,0,0,0,0,0,0,0,0
F12CW22,0,0,0,0,0,0,0,0,0,0,0,0,0,0,0,0,0,0,8857,0,0,0,0,0,0,0,0,0,0,0,0,0,0
79DRPP,0,0,0,0,0,0,0,0,0,0,0,0,0,0,0,0,0,0,10225,0,0,0,0,0,0,0,0,0,0,0,0,0,0
G3CW23,0,0,783,0,0,0,0,0,0,0,0,0,0,0,0,0,0,0,1493,0,0,0,0,0,0,0,0,0,0,0,0,0,0
75DRPP,0,0,0,0,0,0,0,0,0,0,0,0,0,0,0,0,0,0,0,6089,0,0,0,0,0,0,0,0,0,0,0,0,0
71DRPP,0,0,0,0,0,0,0,0,0,0,0,0,0,0,0,0,0,0,0,7803,0,0,0,0,0,0,0,0,0,0,0,0,0
F10CW23,0,0,0,0,0,0,0,0,0,0,0,0,0,0,0,0,0,0,0,810,0,0,0,0,0,0,0,0,0,0,0,0,0
G1CW22,0,0,0,0,0,0,0,0,0,0,0,0,0,0,0,0,0,0,0,3743,0,0,0,0,0,0,0,0,0,0,0,0,0
80DRPP,0,0,0,0,0,0,0,0,0,0,0,0,0,0,0,0,0,0,0,5561,0,0,0,0,0,0,0,0,0,0,0,0,0
63DRSS,0,0,0,0,0,0,0,0,0,0,0,0,0,0,0,0,0,0,0,0,0,0,0,0,0,0,0,0,0,0,0,5532,0
G7CW22,0,0,0,0,0,0,0,0,0,0,0,0,0,0,0,0,0,0,0,0,0,0,0,5039,0,0,0,0,0,0,0,0,0
D3CW22,0,0,0,0,0,0,0,0,0,0,0,0,0,0,0,0,0,0,0,0,0,0,0,0,3292,0,0,0,0,0,0,0,0
F8CW23,0,0,0,0,0,0,0,0,0,0,0,0,0,0,0,0,0,0,0,0,0,0,0,0,0,0,0,0,0,0,0,0,0
G8CW22,0,0,0,0,0,0,0,0,0,0,0,0,0,0,0,0,0,0,0,0,0,0,0,0,0,0,0,0,0,0,0,0,0
June22negative,0,0,0,0,0,0,0,0,0,0,0,0,0,0,0,0,0,0,0,0,0,0,0,0,0,0,0,0,0,0,0,0,0